electricity_kwh,diesel_litres,petrol_distance_km,diesel_distance_km,ev_electricity_kwh,college_bus_distance_km,public_bus_passenger_km,motorcycle_passenger_km,auto_passenger_km,bicycle_passenger_km,walking_passenger_km,waste_landfill_kg,compost_waste_kg,water_consumption_m3,methane_kg,nitrous_oxide_kg
27876.23,93.86,308.45,104.77,38.97,173.66,3709.94,3151.43,221.2,75.29,71.78,498.68,62.63,1361.98,5.6,0.25
21006.02,73.41,110.83,90.01,15.26,137.31,2560.27,1280.79,613.76,29.21,151.02,591.85,104.83,1195.31,5.62,0.57
26602.52,106.69,130.83,185.74,35.01,250.28,5844.05,2012.96,575.95,202.35,18.34,591.46,70.19,1301.67,7.82,0.46
27661.42,96.46,221.9,244.92,27.22,162.33,2844.83,1678.48,486.86,218.98,73.3,821.32,162.93,1020.0,2.6,0.32
26894.87,99.74,204.04,119.11,36.05,148.77,6487.03,818.95,423.36,219.97,164.34,563.23,86.02,1308.93,6.77,0.68
26683.81,88.42,359.21,233.1,12.51,125.03,5554.95,2255.54,214.13,198.45,62.67,514.46,92.23,1526.38,7.07,0.78
26955.69,92.98,456.47,82.58,13.28,141.26,4109.13,930.65,719.93,75.28,180.01,474.26,30.01,1002.07,8.9,0.32
27427.66,112.52,319.0,224.19,16.47,205.19,4612.01,2018.82,348.53,58.4,167.15,657.22,69.64,1394.8,8.0,0.71
20432.61,62.93,141.32,173.44,4.56,134.79,1519.73,2574.13,430.48,151.51,39.48,473.44,63.2,1134.42,2.81,0.16
26857.06,109.83,256.96,151.09,36.99,256.91,5597.42,2673.73,851.18,215.59,228.19,802.92,106.25,1282.67,9.96,0.59
27280.53,87.23,373.73,138.22,33.4,190.35,2125.1,1620.65,704.45,75.1,213.64,502.57,89.87,1314.75,8.68,0.73
27437.76,97.73,162.18,160.71,24.93,128.49,4748.4,2355.26,886.0,101.32,222.7,488.61,30.05,924.31,8.03,0.78
27306.85,72.84,134.98,232.31,33.59,129.67,4586.39,2951.27,233.53,158.76,34.68,680.44,97.18,1292.21,6.1,0.35
27205.72,106.39,247.23,146.95,39.04,257.08,4740.46,1484.98,234.79,82.71,172.43,759.5,58.53,1088.21,5.41,0.3
26485.12,109.61,273.15,175.14,39.62,198.83,3801.75,3091.11,801.13,158.76,262.18,653.52,91.4,1181.73,8.08,0.33
20933.51,65.57,140.23,99.18,22.29,156.68,2422.25,2092.18,305.59,59.87,131.94,587.7,84.67,957.69,5.38,0.33
26620.34,52.28,498.7,139.66,34.93,259.53,4346.83,1019.21,159.04,168.29,185.83,806.75,84.03,954.55,3.17,0.79
26736.67,55.28,219.89,115.86,36.87,255.36,5926.23,1355.61,502.24,114.94,220.67,676.56,110.87,1019.45,6.71,0.73
27467.38,45.59,356.45,175.39,13.7,100.91,6962.84,1864.59,193.14,13.51,85.58,567.57,83.25,1587.84,9.59,0.78
26572.91,51.98,236.4,159.49,10.59,177.88,6664.96,3215.99,403.11,115.24,271.57,500.76,62.44,1255.42,4.89,0.42
27993.3,75.89,177.49,77.4,12.44,112.1,6994.47,3435.4,840.43,173.94,255.6,565.18,109.43,1583.93,9.12,0.72
27598.15,70.32,251.57,192.4,28.84,217.39,5813.54,2931.16,592.58,114.94,75.53,709.41,97.47,1053.19,3.5,0.64
19876.09,63.98,165.4,153.8,16.4,182.29,5199.13,1336.56,653.38,174.2,156.99,485.41,78.95,694.01,7.48,0.58
26595.12,117.56,383.47,64.69,5.28,135.66,4647.17,1611.77,545.96,127.94,229.51,453.71,78.75,1053.45,7.66,0.35
27385.88,65.49,209.94,116.34,30.89,232.91,1630.97,3157.02,658.57,55.2,109.0,512.45,38.85,973.01,2.93,0.43
27303.04,103.81,264.77,143.33,15.74,182.83,2609.83,3461.87,298.45,192.17,133.57,692.9,102.89,950.4,9.93,0.73
26540.63,65.89,141.31,118.43,12.91,257.84,1526.58,1395.51,226.08,243.33,99.48,772.13,50.65,1055.31,2.11,0.44
27718.39,101.63,259.42,216.27,20.21,153.88,5259.17,2014.09,358.49,184.16,144.67,663.24,58.1,1029.93,3.79,0.51
26892.17,92.22,224.45,185.92,16.03,93.87,3391.69,3490.54,381.95,211.51,140.71,485.85,69.18,1515.69,8.04,0.16
20617.29,58.59,202.69,133.19,27.81,122.94,1934.22,1160.33,221.85,46.02,196.08,499.61,92.93,961.02,5.75,0.3
26722.32,78.37,362.24,130.98,17.65,255.52,4124.99,1443.35,719.5,85.07,288.24,661.94,76.23,1189.33,9.54,0.27
28440.38,108.33,160.06,190.79,26.02,140.93,2980.16,2154.08,779.31,243.49,11.46,766.14,116.71,1594.33,4.41,0.73
28020.93,48.59,447.78,207.51,28.51,214.25,3905.93,1691.25,415.13,139.72,227.2,466.32,54.02,1468.96,4.87,0.55
29327.6,77.64,478.2,185.62,20.46,234.47,6512.07,2438.36,513.19,14.62,121.79,531.97,43.61,971.55,3.24,0.15
29647.06,84.21,255.28,140.61,6.5,212.51,2107.44,2667.37,218.33,111.67,160.34,689.69,42.84,1424.15,3.16,0.29
28366.75,92.66,285.14,191.73,6.73,231.45,1854.3,2055.41,795.31,24.53,3.78,640.73,54.46,1169.76,4.04,0.54
21333.1,51.88,303.44,134.34,11.11,183.98,4631.32,1656.62,440.29,25.34,102.12,508.98,99.51,841.75,3.88,0.5
28832.6,88.3,517.98,216.08,22.03,80.78,3191.19,1172.75,660.63,25.08,149.63,794.74,75.93,1246.82,2.48,0.43
29174.91,117.19,470.11,206.06,14.92,96.64,5539.78,926.24,611.27,39.71,122.0,654.12,105.64,913.07,6.2,0.62
28024.42,52.21,421.31,77.99,31.34,218.64,1811.0,1052.31,543.14,102.91,242.3,513.98,91.02,1095.24,3.06,0.17
28319.73,89.48,458.6,247.8,38.93,114.78,3917.7,3484.12,884.24,19.1,32.48,799.12,81.21,1208.86,9.09,0.19
28505.49,109.65,202.13,218.48,10.58,132.7,2171.73,2741.75,541.26,174.86,292.24,818.61,56.88,1548.12,5.76,0.17
28584.73,69.11,280.08,64.99,39.21,115.55,5208.79,3010.69,325.26,154.85,132.21,676.37,132.45,1426.12,8.32,0.76
21991.41,60.43,362.22,106.49,12.04,189.84,1147.65,2132.97,346.42,105.04,5.68,555.79,89.25,1145.22,2.3,0.16
28629.25,84.05,497.71,165.65,19.53,242.1,6541.78,1380.83,552.56,104.07,95.04,474.96,46.23,1545.83,9.35,0.3
28275.37,79.3,500.07,225.77,31.4,93.54,2675.13,1416.09,329.67,156.78,1.81,565.39,63.72,1097.6,8.23,0.1
28721.37,108.13,510.58,200.79,23.35,121.28,2837.81,1352.52,216.22,47.78,101.53,639.26,122.12,1047.18,2.38,0.46
28255.24,77.77,308.7,145.17,25.31,108.67,3067.57,1438.04,341.04,75.28,34.74,451.79,61.7,1316.42,2.13,0.21
28910.28,88.03,188.74,131.79,11.63,126.58,5261.03,1378.14,777.79,14.09,206.16,463.54,52.83,1406.66,3.4,0.66
28780.17,84.97,431.67,106.24,19.01,169.09,6478.01,932.69,327.94,210.73,37.64,592.04,60.37,1395.79,7.84,0.18
21717.42,54.57,123.32,91.08,23.23,183.66,1373.39,981.42,347.9,83.74,161.75,443.67,67.01,781.28,3.07,0.19
29679.82,65.79,271.38,213.24,5.05,81.18,6542.67,2924.32,597.84,78.09,84.72,647.13,125.35,1165.19,3.26,0.66
28922.5,64.45,509.33,79.24,33.94,210.91,6293.42,3167.7,668.92,26.17,139.94,490.48,60.46,1303.65,3.51,0.64
28797.7,107.42,306.07,243.13,22.93,198.44,5263.93,1178.96,750.61,29.99,149.94,759.29,93.89,1511.94,9.97,0.11
28434.12,101.38,293.18,62.34,33.36,96.02,3515.53,1785.19,735.1,130.64,82.66,788.73,75.11,1264.28,4.86,0.47
28494.48,95.51,152.52,82.11,29.53,142.12,6258.58,3088.45,439.5,201.2,120.94,848.37,123.27,1348.52,4.65,0.58
29122.77,86.83,403.04,153.09,34.09,239.05,6589.1,1437.09,178.3,247.64,120.36,689.42,135.51,1369.06,4.66,0.72
22220.02,63.73,217.42,185.97,25.93,106.53,3933.02,1601.89,312.8,148.29,139.18,532.3,77.93,1021.98,2.3,0.47
29685.76,68.67,324.07,60.72,22.33,247.93,4066.42,1624.48,301.45,78.66,81.02,528.78,45.53,946.34,8.95,0.23
29187.7,83.61,515.85,88.22,31.04,251.25,4370.31,815.97,894.24,43.98,94.56,596.95,35.07,1324.25,7.37,0.53
28284.35,85.84,442.52,128.48,22.21,212.09,3521.18,2020.52,735.85,49.92,260.93,738.76,62.7,1109.56,8.31,0.72
28752.57,111.97,355.08,204.4,20.07,84.5,3855.97,1125.93,547.76,44.32,7.58,451.13,73.17,1124.96,5.64,0.47
27941.2,83.6,447.29,197.86,18.71,179.45,4215.41,3229.5,714.11,108.91,17.92,836.99,115.86,906.31,6.99,0.45
28363.24,86.79,168.63,212.42,18.31,255.81,6235.59,1678.4,521.77,48.82,50.74,538.67,69.43,1313.08,9.45,0.25
20975.54,65.56,172.33,127.51,26.47,153.61,1191.32,2502.07,625.15,129.64,114.57,374.93,64.9,725.41,1.69,0.22
28500.9,87.65,370.0,234.49,6.75,204.13,4933.4,3168.44,590.14,122.92,201.75,652.56,49.51,1054.91,5.92,0.24
29197.53,103.91,432.9,141.3,9.29,124.71,5911.42,2571.12,431.17,156.36,267.15,667.52,89.33,1583.03,9.39,0.38
28417.7,90.21,262.91,179.53,31.07,138.58,4069.25,1110.84,565.26,12.12,64.02,622.3,41.53,1163.19,4.69,0.63
28112.93,84.39,289.44,179.1,11.76,257.49,4087.97,1474.68,546.53,204.4,107.84,723.8,95.44,1117.79,3.49,0.48
27673.35,68.06,146.34,203.64,10.99,168.61,4877.97,3012.84,209.41,64.41,63.29,820.09,53.32,987.09,6.38,0.63
27786.41,78.74,151.68,76.82,24.39,259.62,4452.23,2151.86,163.32,245.08,240.97,702.17,68.78,1287.73,8.4,0.45
21947.85,89.56,194.23,140.43,18.17,112.14,3721.44,2027.58,520.59,158.7,16.22,420.14,26.3,916.3,6.63,0.44
29237.65,54.18,479.36,164.45,28.32,142.05,2023.91,3336.36,531.97,213.62,167.83,831.13,96.43,1436.94,8.69,0.69
27658.1,115.97,157.19,182.62,10.31,182.69,1985.73,1451.43,549.97,84.22,265.31,726.1,135.32,1085.74,5.87,0.36
28710.23,75.79,221.55,113.26,38.83,138.77,6534.6,2835.25,201.0,48.39,33.34,814.45,113.89,1373.52,7.23,0.21
28891.09,102.7,332.12,211.25,39.34,137.88,2539.61,905.65,569.8,119.71,14.12,820.15,113.93,1467.31,6.23,0.17
28300.4,112.43,363.01,245.1,11.73,94.04,3195.99,2239.7,429.71,24.27,254.01,628.14,89.19,967.14,4.35,0.4
27944.01,60.2,273.67,147.84,34.53,172.46,4653.55,863.28,182.78,57.7,157.63,749.93,115.65,1212.03,4.14,0.66
21652.49,44.41,200.41,78.78,26.54,194.26,4808.37,2093.89,267.68,49.21,214.9,482.45,69.53,967.91,6.07,0.47
27972.37,58.29,424.15,163.07,5.61,201.86,2925.75,3225.05,350.4,173.08,197.08,841.41,49.91,1364.0,6.44,0.66
28666.98,70.53,192.35,97.4,21.68,189.36,4393.38,2755.24,220.4,183.02,43.19,804.06,91.96,1283.44,9.34,0.72
29331.89,89.71,488.83,116.33,19.04,135.39,4227.39,3328.49,359.0,93.57,196.63,565.87,111.66,920.53,2.56,0.31
28706.88,117.61,273.99,98.24,17.35,158.46,5081.37,2903.4,454.87,124.51,187.75,535.76,39.48,1061.59,6.46,0.58
28987.74,90.85,264.79,67.81,22.49,221.76,2603.02,3041.5,420.22,135.46,204.32,665.75,79.24,924.04,7.44,0.67
28052.78,86.56,483.63,106.63,11.52,132.22,2486.82,1573.67,756.92,245.99,195.31,513.35,90.74,1288.77,5.96,0.62
21566.35,87.99,255.32,55.16,19.37,142.81,2722.3,2563.54,164.0,160.85,93.88,629.64,86.08,852.01,1.75,0.31
28750.92,89.27,150.07,199.26,15.19,96.34,1937.2,1681.07,235.26,16.57,164.86,690.37,94.96,1316.85,6.8,0.11
27785.09,118.41,235.93,141.89,25.45,235.49,4044.21,1414.5,690.73,165.84,64.55,721.26,116.87,994.64,8.24,0.22
28130.8,45.42,438.78,78.2,6.64,155.84,1525.18,1345.19,333.12,103.93,65.46,568.46,34.58,1487.78,6.42,0.17
28574.94,91.45,430.71,204.57,11.27,177.99,2664.11,3467.97,478.1,243.91,215.12,669.45,59.79,1409.69,3.39,0.8
27790.46,51.68,132.65,247.0,19.58,113.27,5756.22,2251.94,649.94,16.74,226.61,669.61,116.06,1338.93,3.79,0.71
28401.89,86.7,232.01,170.77,32.83,97.16,6290.74,1754.11,751.11,165.21,198.1,748.48,69.09,1424.0,7.17,0.76
22359.48,49.01,100.32,184.9,5.25,97.69,3154.87,1160.33,663.67,34.42,94.0,407.19,21.9,967.33,2.44,0.52
29567.12,99.86,312.96,244.8,36.29,222.79,5093.27,2950.68,615.64,38.31,36.27,516.31,41.57,975.59,8.32,0.78
29774.37,91.25,421.32,76.17,32.1,256.26,1925.38,1264.06,639.86,171.31,2.27,564.38,71.64,1154.09,7.03,0.52
29542.46,66.56,375.85,203.96,32.36,211.22,4040.72,1361.04,535.38,206.18,161.27,649.59,88.09,1111.49,9.45,0.15
30652.96,96.79,455.8,131.85,9.69,184.91,2681.21,1465.42,796.58,127.79,292.99,738.4,45.67,912.65,6.76,0.67
30473.48,54.34,337.46,160.99,6.38,179.98,6982.22,2284.92,820.24,44.97,19.44,525.94,79.26,1491.25,2.07,0.43
30477.4,93.01,502.09,214.59,35.88,210.76,6518.3,3066.07,514.35,136.27,122.02,691.1,79.71,1204.93,5.06,0.17
23086.34,72.66,156.02,113.66,23.58,171.42,4501.15,864.32,388.69,48.44,192.1,417.13,80.9,691.88,6.91,0.47
29402.58,87.19,351.2,203.93,20.94,82.06,1761.77,3004.47,827.92,123.18,155.33,622.48,69.57,1280.71,4.66,0.78
29064.09,103.6,423.11,109.27,28.01,170.4,3880.35,2046.8,580.08,92.97,14.15,798.17,146.48,1058.67,7.95,0.63
30792.57,58.77,462.48,209.4,5.57,175.61,2873.1,1310.62,888.67,37.06,286.97,513.77,70.01,1008.49,2.78,0.73
30125.68,96.26,458.08,115.65,9.17,222.58,3980.84,1555.18,460.24,91.66,225.47,837.16,149.8,1073.0,3.64,0.14
29535.65,86.98,458.96,80.1,21.31,232.29,5215.39,3369.84,457.0,96.24,167.34,682.66,48.92,1402.65,8.89,0.14
30269.44,112.72,505.73,128.77,37.49,84.57,1556.44,2222.27,802.09,170.43,177.55,813.72,95.71,1264.78,7.23,0.3
22735.14,66.0,355.06,55.12,27.85,140.79,3652.1,1997.9,507.46,28.28,56.39,610.33,111.34,868.7,5.87,0.09
29385.04,91.37,308.7,80.34,28.34,140.12,5534.6,1717.5,756.35,75.04,142.2,487.49,91.16,1452.15,8.76,0.45
30420.21,76.7,138.84,77.39,25.46,129.74,6564.94,1009.48,633.0,31.98,148.13,803.67,90.11,1194.81,2.22,0.24
29631.71,119.17,306.87,213.44,28.34,226.08,1714.96,2799.01,675.45,3.31,225.64,530.12,32.91,1084.05,2.27,0.13
30132.65,107.0,166.37,114.16,28.17,176.27,1863.99,1542.95,456.32,222.12,259.24,507.5,100.46,998.77,2.34,0.45
29380.68,71.68,290.64,102.15,17.63,169.3,5918.78,3418.1,873.43,212.06,51.65,502.26,81.64,1017.27,6.11,0.42
29919.6,66.86,131.52,129.82,13.47,210.75,5771.54,1508.63,700.01,87.46,163.61,686.67,74.87,1574.2,5.43,0.71
22887.77,44.51,165.28,167.57,27.87,79.3,2487.09,1879.37,368.17,134.06,9.72,515.73,37.33,758.02,3.56,0.41
29951.95,108.89,509.53,193.85,30.0,105.5,5205.88,3007.9,840.11,112.79,234.98,476.43,49.17,1380.52,3.0,0.65
30798.64,41.81,470.48,79.24,33.68,245.1,6428.24,2097.85,652.61,1.79,15.05,548.14,84.71,1518.69,8.64,0.48
30462.01,97.6,324.9,194.33,38.94,256.24,1939.99,2723.71,756.67,72.07,156.08,762.64,131.93,1074.28,9.69,0.11
29538.14,49.97,418.85,96.33,10.66,95.64,3637.02,2018.92,677.98,151.1,202.85,602.23,34.78,1305.53,4.87,0.45
29986.2,91.34,369.58,104.18,21.85,123.26,4889.17,2172.13,795.72,185.66,260.92,553.87,88.72,1443.05,4.97,0.24
30617.7,91.37,393.09,209.02,10.95,114.07,3721.86,1003.99,391.45,243.43,18.12,774.66,91.82,1521.69,8.48,0.29
23092.64,54.56,252.2,65.99,15.29,119.4,2330.03,2181.66,441.1,30.04,46.54,337.82,57.28,989.02,4.16,0.54
30619.82,44.92,247.01,230.88,39.67,121.1,3764.33,2771.42,296.17,122.75,81.78,633.71,109.41,1065.38,6.5,0.76
390.82,96.78,331.06,203.62,14.93,103.58,1689.78,2378.7,369.09,140.43,97.54,655.94,33.65,1101.16,8.32,0.62
377.64,45.26,130.15,211.87,10.87,257.45,1724.25,2134.85,199.59,47.99,160.95,711.85,60.25,1353.4,4.61,0.17
372.43,72.0,416.21,244.28,14.18,181.37,4311.35,2696.02,801.16,84.52,158.8,634.49,40.18,1339.27,7.43,0.7
392.44,42.13,511.42,125.09,19.59,112.14,2693.73,2182.37,398.25,112.77,120.31,839.75,75.05,1448.9,9.39,0.16
376.62,49.58,341.53,190.3,11.95,251.54,2053.79,1250.83,333.28,235.29,131.59,745.54,88.57,947.87,4.88,0.25
293.51,83.68,171.71,61.98,28.25,135.81,5230.68,1124.86,471.61,99.47,69.35,607.99,47.68,1079.98,4.94,0.24
371.2,115.37,357.75,171.67,27.04,134.47,3639.01,994.75,468.73,245.12,251.5,572.48,107.94,1198.04,7.02,0.3
377.24,93.32,455.08,140.58,5.88,239.97,6349.12,2945.98,774.75,25.7,30.38,603.07,78.77,1500.89,8.47,0.77
374.34,112.86,149.4,68.0,35.23,130.79,6602.6,2816.03,823.86,150.09,90.28,816.32,44.18,1280.74,4.97,0.42
380.95,80.18,509.14,87.08,18.08,253.63,6770.42,2341.74,627.58,74.78,156.61,521.96,66.32,1216.36,5.57,0.58
371.84,99.7,443.91,102.15,6.88,253.29,3203.43,1847.13,294.74,123.94,100.23,513.65,82.07,1226.3,5.53,0.45
389.89,66.97,155.9,201.07,34.71,104.15,5168.15,2058.79,660.71,172.66,101.61,493.53,47.14,1060.81,6.95,0.22
281.08,86.97,236.81,166.21,5.9,121.45,2527.7,2456.75,658.47,63.68,1.67,564.85,44.24,763.87,2.23,0.35
381.81,53.93,247.35,66.11,30.61,174.57,2897.39,1815.35,396.15,161.3,262.05,719.91,72.91,1171.84,9.09,0.64
393.35,73.74,406.24,134.69,14.83,236.05,4539.97,1109.21,705.6,126.39,159.33,573.36,85.25,1103.48,6.75,0.42
390.44,89.65,424.73,247.16,30.46,192.23,2143.02,1609.77,183.62,217.43,262.06,548.27,65.96,1261.48,3.44,0.51
376.1,99.6,141.76,153.89,5.35,164.97,6464.1,1277.59,588.39,216.81,137.47,532.32,48.61,1436.58,2.56,0.46
371.19,52.07,502.39,162.39,14.67,150.48,4748.62,2335.86,225.13,71.71,230.29,827.04,116.0,1345.43,8.96,0.13
379.13,87.05,277.37,144.3,6.63,195.42,5778.74,3372.8,650.77,164.71,24.37,710.59,115.99,1106.86,4.47,0.39
294.55,33.28,97.88,60.54,25.72,76.6,1509.14,2369.25,148.04,101.42,3.99,532.67,80.85,826.26,5.56,0.53
391.27,97.73,407.25,115.22,6.13,131.48,1804.74,1342.79,761.7,240.75,69.22,478.1,40.28,1325.03,2.3,0.69
386.35,116.75,324.2,125.93,36.36,142.03,5694.27,2425.27,819.34,108.82,255.84,783.21,60.68,904.09,3.26,0.11
377.51,104.43,161.42,107.96,34.34,206.73,6027.55,1575.13,542.04,119.55,297.76,637.01,110.66,1567.98,3.08,0.7
379.29,104.21,193.26,111.29,20.86,98.91,2234.21,1240.28,419.55,231.08,245.77,756.01,122.96,1442.72,9.35,0.27
381.01,77.07,243.78,127.5,29.11,180.17,5934.71,1025.91,489.1,27.21,298.03,782.14,116.74,1343.35,6.52,0.52
372.62,42.73,231.99,89.52,30.0,214.01,4341.73,872.26,449.32,169.57,116.21,630.99,35.02,1559.6,6.71,0.78
278.08,62.58,360.83,80.45,15.19,167.91,4928.55,938.33,181.87,177.43,112.81,557.61,40.82,754.08,6.63,0.59
393.44,72.58,146.79,166.89,30.02,85.95,4290.69,1739.85,679.71,55.73,214.99,797.89,86.28,1202.41,5.51,0.39
372.21,97.03,356.38,216.32,35.87,218.04,5600.92,3112.6,362.39,200.24,181.97,502.72,55.02,1588.85,4.95,0.76
386.37,77.74,417.92,145.54,39.15,210.67,1694.38,1375.78,245.64,236.44,89.43,843.96,56.6,1406.25,2.97,0.38
387.29,42.25,455.15,177.48,25.18,132.68,5438.22,952.1,306.94,104.23,34.17,708.93,48.11,1075.0,9.54,0.31
984.55,82.26,217.74,238.74,38.0,162.48,5922.78,1243.9,485.15,203.36,12.34,545.74,64.34,1234.11,8.13,0.2
977.83,46.49,505.32,243.81,39.33,152.46,4272.82,2357.06,624.4,150.71,139.78,507.48,55.15,1327.78,3.87,0.39
706.23,52.84,134.13,130.44,16.2,111.06,3161.14,2549.04,215.47,93.91,96.72,418.69,69.71,1159.04,2.91,0.57
959.12,86.97,192.11,232.75,27.54,160.64,2748.18,3088.73,166.58,67.81,220.55,702.96,134.08,956.19,5.24,0.65
970.35,94.3,334.27,199.92,7.55,157.0,6902.04,3382.57,577.6,0.45,278.1,652.59,66.71,1247.78,9.65,0.19
958.37,68.97,492.13,197.32,20.44,249.74,2600.75,1793.01,317.92,69.16,179.42,520.68,67.71,1536.67,4.1,0.74
935.04,102.72,180.82,75.17,15.16,213.69,5862.56,2834.22,677.01,66.26,116.93,756.03,69.13,1233.24,5.54,0.55
934.61,68.41,488.93,129.77,24.29,81.2,2922.98,834.54,673.61,232.35,24.1,587.71,109.28,1069.15,6.01,0.18
946.52,84.49,190.65,74.3,22.9,257.53,1690.31,1936.1,165.81,45.15,202.51,558.49,58.36,1001.55,4.06,0.16
699.99,74.19,251.62,97.97,19.56,109.06,3547.65,1120.98,263.97,128.27,114.19,628.9,98.27,844.37,6.09,0.1
937.21,53.65,421.62,231.65,18.1,139.28,3722.8,3368.72,845.78,112.23,50.16,618.91,117.35,976.54,5.42,0.52
938.42,118.24,289.75,123.87,17.7,142.14,6608.92,2740.81,627.56,4.77,152.85,725.64,52.42,1390.55,5.33,0.48
943.08,47.7,352.34,103.02,6.0,80.7,5617.73,3206.63,295.65,219.27,93.26,523.71,86.71,1368.41,4.52,0.5
968.49,111.9,431.07,123.55,36.34,198.36,4078.84,1706.24,735.87,104.24,64.06,581.15,43.47,1218.09,6.95,0.49
977.08,43.22,446.42,167.75,16.48,84.14,5632.09,2892.98,456.55,51.06,2.35,846.52,145.65,961.54,9.9,0.65
929.8,50.55,277.2,110.39,27.33,167.42,2598.96,1326.29,569.96,48.74,62.34,560.74,50.44,1311.2,9.78,0.78
702.25,74.41,124.3,173.67,19.34,78.5,3882.6,928.2,668.51,49.99,118.17,389.29,59.67,803.76,5.75,0.53
954.53,84.27,497.44,161.26,36.88,147.51,4059.01,1707.79,700.41,163.46,192.05,670.64,70.91,948.12,7.66,0.28
966.22,109.92,414.98,205.25,12.7,113.23,6123.13,3181.82,364.14,230.69,221.15,573.54,96.76,1105.81,4.81,0.5
936.13,41.23,434.44,156.12,34.02,122.24,5746.99,3484.64,390.88,133.92,299.74,455.74,70.42,1282.34,4.73,0.65
965.52,117.35,252.77,99.3,17.09,156.26,1656.09,2455.28,824.78,192.09,5.42,492.83,39.37,1084.95,9.07,0.68
980.34,42.44,131.92,132.64,6.34,140.74,2638.85,1954.36,394.64,166.68,33.73,673.14,64.95,1539.11,7.88,0.53
940.42,78.89,322.67,202.65,36.17,235.55,5484.26,2456.95,723.28,111.57,64.33,637.21,107.6,1020.1,8.65,0.7
730.34,77.17,122.35,132.72,12.1,167.59,3823.17,2166.21,584.6,25.14,6.84,637.07,71.94,702.73,6.82,0.28
940.24,52.43,441.65,93.22,8.79,254.1,5760.96,3005.86,319.05,33.59,275.14,536.76,107.34,965.98,6.48,0.63
944.83,95.13,442.81,244.98,17.12,121.51,2658.12,1525.05,558.75,111.56,176.28,472.59,29.02,1036.88,2.4,0.52
964.59,114.43,475.71,160.93,29.3,201.04,3591.57,2011.06,640.85,75.57,150.42,551.1,77.11,1031.23,9.56,0.4
962.98,72.57,220.95,84.78,6.51,250.41,3972.98,3423.61,525.88,101.59,113.16,517.38,27.02,1324.53,7.35,0.68
932.36,110.9,170.08,229.67,5.11,174.32,3653.41,2296.84,257.93,105.29,43.45,494.87,93.74,901.54,7.28,0.34
933.54,42.38,229.42,161.38,10.34,253.65,5192.48,2783.76,784.31,175.84,128.71,573.1,55.79,915.1,8.93,0.32
732.9,71.89,158.33,108.99,10.78,138.9,2502.81,2181.75,182.47,87.2,199.35,441.07,58.27,987.18,3.12,0.13
1610.99,43.12,245.83,244.41,30.31,129.67,4655.54,1438.8,394.08,109.6,284.85,833.8,102.74,1135.03,2.19,0.26
1593.9,41.67,244.36,184.51,10.06,245.18,5995.4,3208.09,563.86,42.4,266.14,604.67,107.54,941.68,2.71,0.62
1608.25,88.93,230.83,237.95,10.03,185.74,2894.57,1890.52,199.04,161.33,129.89,637.57,115.09,1298.38,6.45,0.11
1594.48,40.36,426.67,100.11,25.01,149.62,6353.03,2979.67,603.43,170.77,52.91,840.58,126.54,1147.91,5.44,0.19
1620.73,64.84,430.58,167.73,12.82,104.62,5125.04,2805.18,745.56,35.6,23.8,534.29,74.16,1398.08,2.62,0.35
1619.71,93.57,343.6,142.65,23.87,186.8,3993.85,2628.29,840.96,113.9,128.93,688.28,42.38,1244.13,3.68,0.41
1212.8,53.16,236.58,170.5,10.93,158.68,1560.23,1204.88,515.15,45.42,120.19,457.15,69.46,811.2,1.83,0.45
1621.93,72.62,497.2,210.83,8.03,103.81,3680.52,1980.28,329.28,218.98,193.44,632.48,41.28,1224.07,4.65,0.11
1653.27,48.83,377.28,122.55,38.75,123.67,2150.13,2113.81,243.47,93.6,22.13,550.98,61.16,908.99,7.64,0.35
1618.84,56.78,320.28,169.55,21.28,89.81,2256.42,2883.0,224.07,83.39,5.72,497.69,29.53,1481.19,6.73,0.1
1627.32,56.44,173.19,151.35,19.36,105.4,5022.19,3382.87,373.81,23.91,195.54,557.84,58.93,1599.85,8.76,0.26
1662.06,41.87,499.56,133.99,39.17,83.68,4952.89,2428.81,789.37,67.31,248.35,611.73,106.54,1525.62,8.68,0.75
1625.05,57.09,509.18,86.32,7.98,248.41,1591.28,1152.19,845.17,214.37,105.9,585.13,58.89,1041.69,4.11,0.37
1186.08,63.02,93.51,60.89,4.63,77.04,1812.16,1149.24,227.53,130.87,19.72,549.07,48.59,715.97,2.32,0.29
1611.59,113.44,511.74,145.61,25.77,251.5,4788.99,3436.12,578.55,31.85,214.32,477.06,30.83,1350.88,5.16,0.24
1588.09,80.49,138.88,242.53,5.59,182.84,4763.91,2399.01,562.6,35.97,167.77,475.67,51.32,907.8,6.61,0.27
1655.34,83.21,461.14,135.85,21.85,160.07,6211.89,3094.96,424.83,128.97,178.98,623.05,81.61,963.39,9.83,0.37
1627.56,113.4,148.95,133.23,10.03,141.21,3598.47,2664.47,301.13,71.03,33.1,605.48,87.76,1566.02,6.82,0.29
1630.1,78.93,334.42,193.39,35.55,115.68,5038.97,1909.16,254.73,166.56,276.62,631.26,67.76,1021.39,7.03,0.34
1575.77,62.86,226.66,118.84,39.66,221.94,6889.91,1518.61,529.11,82.14,278.5,657.38,122.82,1239.29,2.84,0.28
1189.28,36.2,205.28,78.8,29.27,171.26,3025.21,950.85,570.26,134.0,221.17,370.14,56.2,683.57,1.92,0.4
1607.54,103.83,383.39,121.24,25.88,189.08,5589.78,1632.79,867.56,33.87,147.68,779.45,144.14,1423.67,9.45,0.32
1663.92,80.63,189.81,173.4,8.83,154.68,4488.49,860.83,211.5,121.76,202.93,502.46,75.9,1355.91,9.41,0.12
1622.92,40.72,427.94,249.21,16.71,221.28,2082.46,1478.42,285.17,63.24,154.49,613.74,39.84,1085.24,9.82,0.68
1638.78,98.31,444.59,237.5,38.92,199.83,3530.63,2239.07,748.66,115.91,200.17,566.4,105.7,1389.22,4.85,0.12
1600.06,91.06,305.77,133.13,31.36,225.65,2034.9,2337.36,495.82,202.51,156.97,744.64,110.79,1347.37,7.3,0.59
1581.5,109.27,488.76,147.07,11.02,255.08,6894.2,2772.97,244.56,215.78,263.38,681.21,71.49,1008.03,7.26,0.61
1184.48,34.58,232.02,119.68,24.69,160.73,4207.76,1865.48,593.35,134.84,140.98,382.54,36.66,1172.87,6.38,0.13
1646.21,104.13,310.53,140.24,15.83,253.85,5152.61,3474.61,722.91,79.6,240.92,551.1,70.22,1573.52,9.36,0.46
1667.89,79.77,340.19,243.37,26.84,217.0,3397.14,2934.75,360.85,34.45,265.13,629.14,44.36,1547.59,4.65,0.57
2144.23,57.79,316.1,211.98,16.92,138.23,6104.9,1084.95,806.04,5.73,288.36,611.9,117.16,1329.19,4.0,0.28
2153.4,111.6,334.2,82.04,21.1,135.99,5725.27,2929.84,899.8,75.06,191.14,544.5,64.91,1059.66,8.79,0.77
2169.44,70.41,326.3,137.27,32.12,81.43,4722.32,2665.99,764.17,89.44,124.51,467.55,64.46,1195.44,6.47,0.3
2103.86,58.36,254.38,151.24,18.2,163.72,6998.09,2393.49,563.07,207.35,10.53,656.71,105.07,1374.85,7.29,0.44
1566.36,45.22,335.22,119.65,8.61,73.98,4057.36,2451.35,211.99,151.23,177.97,583.53,44.16,910.68,3.15,0.36
2178.87,90.77,289.83,200.56,39.73,227.8,4873.94,1713.65,671.62,56.29,214.83,751.99,63.35,921.62,7.95,0.15
2071.32,98.88,281.0,95.63,6.01,144.57,2069.54,2898.97,244.7,96.87,221.9,725.01,60.96,1079.21,8.75,0.41
2130.56,47.84,433.87,64.01,5.92,158.94,6927.38,2120.43,588.74,55.21,130.37,479.02,84.91,1154.36,7.83,0.48
2126.68,40.53,512.32,187.78,31.92,99.83,2418.94,832.29,817.75,6.27,38.29,534.04,37.29,1138.42,2.09,0.26
2121.05,67.07,373.17,230.22,13.05,192.7,6752.85,1044.29,304.72,243.65,66.68,831.94,63.05,1285.56,8.84,0.76
2117.27,58.97,492.0,213.57,24.76,226.1,2830.24,1050.87,829.63,79.91,47.92,741.17,138.66,1575.83,7.57,0.41
1587.06,66.92,107.53,92.0,5.29,63.57,4662.51,2316.26,201.17,92.39,107.49,353.54,34.77,1084.95,7.01,0.14
2164.19,69.17,361.26,145.92,32.18,165.79,6611.95,1467.0,370.85,7.11,161.74,569.02,63.01,1148.58,5.33,0.27
2089.93,50.03,354.67,235.46,24.63,127.91,4912.41,2742.75,468.12,134.91,177.59,765.72,141.47,1172.34,7.72,0.53
2105.03,112.64,185.23,199.5,19.04,104.44,5762.28,1889.21,472.89,216.05,292.68,775.74,151.0,1113.23,5.54,0.71
2086.51,80.8,410.06,105.89,11.95,128.28,6959.32,2864.58,399.03,231.92,129.54,606.12,45.34,1016.96,9.12,0.49
2188.95,52.81,164.34,70.02,26.36,107.22,6146.71,2583.7,619.76,231.39,95.77,630.94,57.33,1080.81,3.94,0.21
2156.66,84.19,120.77,79.39,36.52,167.33,3817.05,3077.04,181.21,234.46,158.47,782.73,146.42,1007.9,6.54,0.24
1641.75,41.47,184.0,171.15,17.21,94.01,3723.1,1490.84,464.57,109.83,159.07,432.96,22.45,770.59,5.55,0.39
2070.59,86.07,258.29,194.56,27.58,151.34,2186.42,1592.67,584.31,93.45,6.9,526.18,34.86,1398.92,2.93,0.76
2096.13,114.87,263.59,165.22,21.48,161.17,6044.55,3028.07,888.22,60.33,107.99,805.04,108.32,1551.42,5.96,0.63
2111.52,72.69,175.38,121.57,10.24,170.82,6498.4,1343.28,878.96,139.13,163.14,810.99,119.27,968.42,5.06,0.31
2091.75,79.46,310.94,63.99,30.46,221.26,6324.88,1603.17,843.29,39.71,230.4,539.41,100.64,1209.99,5.41,0.27
2098.28,87.83,465.07,215.77,21.32,207.46,2003.3,1395.55,578.82,164.42,156.47,536.17,78.25,1072.25,5.15,0.26
2108.25,109.77,303.23,201.24,31.19,218.08,3972.5,2062.06,833.26,225.89,94.66,712.61,104.42,1269.45,6.29,0.75
1643.75,75.51,369.76,116.59,28.9,124.46,2980.2,961.69,492.84,9.73,131.39,436.55,75.01,950.32,2.38,0.36
2136.02,72.68,175.7,166.35,6.17,239.18,3701.28,940.61,677.29,169.75,186.81,679.55,134.13,1052.69,2.53,0.6
2160.35,93.78,331.68,248.33,16.92,89.36,6404.65,1422.41,410.09,8.67,146.95,792.03,156.64,1030.05,6.98,0.38
2185.28,87.24,161.09,69.25,37.5,255.91,4842.81,1548.75,765.0,2.76,54.14,510.06,81.69,1462.68,8.14,0.26
2079.67,101.47,159.84,71.78,39.6,236.84,2692.28,1186.48,156.59,66.26,231.49,532.15,104.98,1558.92,3.54,0.74
2174.21,75.35,382.92,68.68,29.25,219.97,3905.1,1219.4,753.4,101.21,210.82,764.79,120.89,1002.67,8.44,0.3
2680.03,46.01,189.01,144.48,26.98,174.11,4071.64,1516.23,279.72,91.96,180.83,611.94,112.13,940.3,7.05,0.7
2090.23,41.43,373.19,117.32,24.1,133.59,3764.34,1736.31,567.11,67.6,99.25,543.51,95.27,851.91,4.35,0.34
2732.76,116.51,365.14,140.12,30.33,107.65,2989.0,3197.05,751.95,101.59,211.03,768.7,126.59,1406.13,7.72,0.5
2790.44,70.09,218.98,103.13,6.45,126.05,3074.32,3352.68,872.43,60.29,52.33,457.16,85.54,959.5,8.42,0.23
2769.7,95.91,337.5,201.92,12.9,187.66,3205.28,3319.26,357.43,116.25,76.38,761.74,81.7,914.0,2.66,0.18
2663.1,117.18,160.41,219.2,13.37,176.15,6551.48,1729.38,827.65,59.93,197.69,647.68,35.4,1371.09,8.45,0.47
2698.58,74.56,465.65,249.62,17.47,81.3,3357.39,1737.84,854.28,176.06,97.92,711.08,43.55,1024.22,9.06,0.23
2711.37,51.19,217.63,220.53,37.25,114.13,2051.82,1400.64,528.65,182.84,261.22,806.23,148.55,1057.19,6.85,0.27
2069.67,82.5,207.23,83.42,23.38,60.8,5143.96,1952.41,112.89,65.57,18.31,384.01,50.69,796.89,5.61,0.46
2736.04,94.42,394.73,126.76,30.56,103.06,3471.73,1405.4,499.39,103.36,228.6,687.81,88.09,1566.36,2.97,0.12
2745.0,51.48,413.06,173.63,16.61,101.12,6910.08,936.48,285.11,229.89,44.08,837.42,127.0,1139.12,3.02,0.75
2721.3,85.54,208.0,177.05,24.25,146.49,2344.1,2369.32,808.44,128.59,264.37,802.14,100.09,1417.59,4.7,0.55
2694.91,102.14,206.2,133.07,30.42,172.98,6245.7,3288.34,578.57,189.27,112.31,640.39,99.89,1008.17,9.03,0.2
2799.89,50.84,155.45,116.65,17.93,154.18,3316.25,3167.63,555.43,66.15,252.83,601.86,118.78,984.14,9.69,0.55
2761.0,63.33,230.48,150.43,16.99,219.1,4503.62,1524.67,155.28,34.8,260.34,594.52,69.68,1072.04,9.16,0.24
2090.56,62.88,120.71,71.47,25.9,62.28,3107.0,1998.94,619.37,148.36,203.09,581.94,53.11,900.92,5.91,0.17
2762.59,98.19,480.57,118.56,31.34,175.69,5067.66,2979.24,299.68,145.01,4.03,768.84,68.21,1267.4,9.09,0.19
2685.68,72.41,122.91,83.04,32.64,109.22,5549.59,1365.32,509.54,100.88,239.23,779.58,48.88,975.7,7.11,0.31
2795.0,61.79,460.41,209.14,6.34,216.76,5381.4,1959.73,323.05,2.39,44.5,451.33,52.5,1255.45,2.84,0.21
2753.32,44.89,191.81,178.21,26.83,165.15,6629.42,1156.75,625.84,218.4,203.41,749.93,90.33,1219.53,6.19,0.6
2748.78,42.43,142.05,89.56,13.95,110.33,4394.81,2218.87,865.47,247.82,104.81,561.86,102.26,1039.41,9.26,0.58
2679.03,93.39,204.74,113.05,14.22,194.27,3943.99,821.51,545.92,230.73,258.07,666.34,91.49,1108.8,3.53,0.47
2094.67,72.49,330.5,92.37,9.65,120.4,1342.64,1264.95,328.13,107.4,34.73,503.67,84.04,977.86,3.35,0.51
2775.56,70.31,194.65,172.63,11.9,192.56,4800.43,895.98,169.97,172.16,155.58,806.79,137.56,970.4,9.34,0.41
2738.62,94.86,144.82,66.08,19.07,243.01,4612.02,2062.7,398.8,129.18,116.84,628.54,76.87,1259.99,2.26,0.13
2783.59,78.48,357.87,118.66,27.42,83.07,4736.84,2957.27,644.45,216.64,268.67,529.88,68.77,1591.21,9.39,0.42
2722.1,73.27,382.42,209.84,19.56,211.09,4737.18,1382.9,566.16,206.68,277.76,835.24,44.72,1586.36,6.17,0.33
2814.23,118.6,173.61,69.68,5.57,249.44,2176.39,3028.18,253.18,57.37,82.84,787.46,61.7,1509.67,7.13,0.23
2682.91,115.91,344.04,233.74,33.44,93.4,5184.2,2735.59,839.49,132.79,248.5,613.78,36.0,1359.13,9.13,0.56
2103.88,42.69,194.95,93.83,22.59,102.29,1209.91,1016.56,318.35,20.97,22.27,434.55,69.54,748.58,2.38,0.46
3133.68,75.63,352.89,177.03,37.69,178.27,2067.38,1654.42,569.74,12.92,73.83,585.61,59.59,1280.93,5.5,0.47
3197.59,88.61,446.21,161.69,15.57,223.97,5724.65,1422.89,371.47,239.67,159.49,460.67,48.48,1325.06,4.09,0.14
3126.14,85.04,275.37,223.65,36.67,81.76,5837.19,3380.85,757.51,246.18,261.1,670.71,107.25,1102.36,2.99,0.41
3104.86,75.52,204.09,168.92,16.39,120.98,6782.69,3470.41,396.26,131.46,285.89,737.83,101.4,1207.23,4.4,0.63
3149.84,90.05,225.39,84.08,10.91,202.97,6514.75,1548.93,565.61,61.93,158.25,496.63,35.24,1541.92,3.32,0.6
3094.23,69.06,416.15,242.86,35.86,256.98,6971.93,905.03,731.2,53.43,84.12,812.94,62.07,1299.94,2.81,0.6
2388.41,34.39,105.76,96.88,14.87,160.18,2222.59,2374.66,551.77,40.4,76.8,353.51,31.85,976.73,3.68,0.42
3163.66,113.93,513.27,235.13,8.92,129.25,5910.47,3362.6,656.2,199.46,4.37,739.57,125.12,971.48,8.78,0.2
3183.08,65.23,155.24,77.14,30.16,133.13,1833.54,2400.87,446.27,64.0,67.01,617.46,119.96,985.46,4.83,0.11
3076.7,62.49,501.66,224.91,12.23,187.68,5674.95,2818.96,296.05,191.07,170.27,477.0,25.71,1245.6,8.41,0.43
3186.83,45.19,126.61,109.95,34.6,234.22,4140.33,2612.98,452.82,66.97,149.16,579.48,112.85,1253.16,7.47,0.63
3119.07,104.01,429.68,189.79,38.33,236.56,1814.1,2352.06,364.79,212.3,254.98,826.17,137.51,1217.4,6.04,0.55
3196.39,111.64,222.78,228.5,27.11,218.13,4399.38,2203.68,385.29,130.32,153.56,468.76,36.68,1029.11,6.05,0.2
2314.27,35.23,344.81,91.61,21.61,110.92,3398.06,669.61,628.52,9.4,12.04,559.83,91.86,801.8,5.56,0.13
3128.15,60.66,137.72,186.67,32.99,90.81,4221.37,1282.92,200.32,87.01,45.08,590.63,35.44,965.25,4.74,0.49
3080.42,52.83,130.92,233.15,29.8,123.92,6571.3,1872.8,345.67,113.67,113.27,679.33,92.07,932.3,5.89,0.4
3049.89,76.26,333.59,219.76,24.51,97.74,6695.51,2665.44,255.2,40.18,113.89,756.94,91.25,1291.13,8.62,0.29
3170.07,98.09,312.13,116.47,16.01,142.73,3956.15,1314.24,587.47,142.58,95.3,680.94,121.36,1384.13,7.55,0.37
3180.19,62.49,274.31,233.05,17.28,235.69,3270.85,2799.68,295.55,240.11,3.88,789.84,67.95,1368.18,3.87,0.49
3157.34,83.45,245.35,239.54,15.37,94.62,3177.78,857.69,319.0,194.2,262.77,673.3,128.07,1232.01,3.53,0.29
2351.92,84.57,342.85,177.88,19.0,140.9,1133.92,1930.65,343.17,179.58,142.29,420.99,61.9,784.8,6.15,0.16
3049.03,64.59,449.58,67.64,5.21,180.17,2935.7,2317.73,823.93,175.74,70.3,627.79,86.93,1051.88,4.51,0.22
3073.2,69.21,166.49,224.8,16.44,137.24,2534.93,2759.12,266.92,103.93,282.8,487.77,27.81,1368.9,3.75,0.73
3224.67,64.64,320.15,189.01,22.6,125.37,1513.99,1462.37,392.08,103.31,243.17,742.92,74.91,1520.92,2.51,0.57
3107.51,56.35,292.76,83.96,5.66,141.37,2885.57,3257.84,615.03,47.12,187.77,706.36,93.36,1312.37,6.63,0.21
3074.11,96.51,246.3,169.48,31.7,160.36,4127.56,1045.98,308.84,112.35,90.91,773.34,61.82,1055.27,3.48,0.68
3229.44,71.43,424.91,201.4,38.07,236.37,5550.51,2780.3,341.65,105.63,117.3,636.98,87.92,1595.65,9.97,0.7
2377.87,53.95,209.11,100.56,15.21,111.08,4055.7,1693.91,462.18,87.61,10.78,471.24,38.48,923.82,5.0,0.41
3148.37,116.46,330.53,206.73,27.38,99.44,3205.07,1523.5,878.11,147.35,50.76,590.09,30.71,1570.9,9.95,0.69
3113.8,99.94,364.63,126.44,13.6,247.96,2331.42,3006.23,421.49,128.12,169.62,452.87,44.5,1580.91,8.4,0.12
3185.46,105.74,177.73,168.16,14.91,99.73,6812.09,2128.63,281.62,166.02,105.78,632.05,100.16,1271.85,8.39,0.77
3714.36,72.17,151.24,123.97,19.45,142.92,3219.77,2268.89,393.69,80.5,96.4,697.14,132.53,984.85,7.48,0.79
3721.49,92.08,176.54,105.56,9.03,157.84,1942.47,3226.45,784.83,83.75,154.64,847.18,143.83,1332.54,9.87,0.31
3657.73,62.87,258.44,179.64,16.28,249.7,6072.83,2527.69,178.43,215.24,88.47,650.01,89.8,1290.12,2.16,0.77
2710.67,57.47,388.87,69.29,15.58,147.68,4227.3,669.85,197.28,137.51,114.68,372.02,28.77,822.31,6.47,0.2
3739.27,62.86,269.7,218.14,6.31,147.8,6084.46,2063.61,588.04,207.53,101.28,604.53,96.33,1246.17,4.42,0.14
3722.55,69.6,402.38,182.09,14.38,131.19,2643.14,1955.02,748.51,23.99,240.12,628.89,39.04,1364.02,8.26,0.2
3597.86,40.37,472.8,200.5,29.02,105.93,4127.5,3210.16,764.2,203.67,26.72,613.25,58.33,930.95,3.48,0.41
3654.19,41.24,264.08,82.89,32.68,127.15,4150.65,2615.89,817.62,27.23,184.61,617.22,39.49,1323.82,8.39,0.54
3623.52,86.38,343.26,181.26,18.51,142.85,3369.16,1472.05,192.82,136.33,283.14,616.04,31.32,942.17,3.88,0.78
3669.13,75.99,331.95,229.45,7.57,249.11,4893.52,1668.89,440.16,248.58,206.38,465.14,39.83,1227.38,3.69,0.42
2715.67,76.41,280.42,125.03,15.04,139.77,3560.35,2161.43,206.67,185.92,92.56,554.42,29.41,1015.39,4.31,0.18
3687.69,60.48,191.31,221.1,15.31,254.6,3155.86,1333.17,623.73,175.27,223.66,497.3,34.73,1157.94,3.2,0.38
3629.05,55.6,339.69,94.68,15.51,234.26,2174.3,1838.7,343.78,206.6,123.71,825.01,41.88,1465.9,4.14,0.77
3709.28,95.59,206.76,212.91,37.59,248.94,4933.46,2464.2,563.37,4.05,200.84,725.59,83.85,1436.49,3.55,0.19
3692.82,68.48,316.49,149.38,28.13,102.64,5356.53,2555.23,804.5,155.09,254.47,553.8,69.89,1152.46,4.19,0.64
3584.88,81.08,406.4,227.04,18.07,193.84,5931.01,2723.3,838.31,181.08,256.93,791.74,97.4,1466.72,6.64,0.54
3573.19,86.51,174.69,206.91,36.94,232.11,3399.5,1596.35,800.08,75.65,87.67,721.54,115.32,1254.15,6.28,0.31
2745.56,51.38,124.29,69.1,28.18,182.55,1439.95,2173.84,361.62,142.68,148.28,346.22,47.6,729.9,1.86,0.4
3608.84,68.38,413.33,155.23,24.22,88.84,3971.06,2224.58,841.69,84.83,16.35,537.28,83.81,1498.49,6.43,0.67
3719.79,81.69,272.08,142.18,26.1,89.34,6350.26,2382.02,400.37,137.58,218.78,467.63,39.55,927.41,9.67,0.46
3731.14,52.23,450.89,88.76,27.21,200.29,2618.98,3386.99,641.86,42.91,83.79,595.77,56.93,1519.1,3.87,0.71
3584.58,104.5,277.91,117.71,24.12,200.82,5788.84,2967.89,478.49,121.5,228.23,605.28,76.69,1255.15,2.22,0.5
3703.38,96.65,485.18,126.34,19.38,200.56,4042.56,1427.55,670.94,104.98,138.58,479.77,47.79,1190.25,4.54,0.75
3677.71,90.17,443.37,138.1,29.44,189.11,3072.32,2479.66,218.72,46.55,195.72,588.81,45.93,1527.96,2.15,0.19
2698.7,77.68,155.7,78.28,12.44,89.65,1137.18,966.37,148.39,46.81,170.95,432.53,33.47,1075.81,5.29,0.51
3736.94,54.07,398.95,195.31,30.53,86.77,5076.5,2214.08,856.85,235.97,242.11,505.65,47.61,1301.25,6.49,0.76
3745.28,100.31,391.59,217.75,25.8,153.36,6121.34,3166.5,599.55,77.88,78.62,694.56,62.36,980.46,3.09,0.35
3666.23,77.83,496.48,189.25,7.67,259.17,6084.21,985.67,560.09,154.38,222.41,493.43,59.21,1094.57,7.48,0.56
3756.48,93.56,425.01,75.08,35.5,201.4,3012.89,3380.28,842.38,227.67,13.27,766.0,114.11,1126.83,9.29,0.29
3729.33,75.47,217.82,86.0,18.43,229.89,3554.6,920.1,766.94,158.16,89.05,695.69,72.43,1402.79,2.17,0.68
3582.24,76.63,170.64,196.78,33.48,197.53,5262.83,2326.14,198.31,6.86,59.46,836.68,50.51,1058.91,5.4,0.4
3427.7,81.2,265.73,67.26,17.09,99.57,3570.48,1080.19,488.97,9.59,111.71,586.71,106.1,1172.85,1.55,0.42
4643.13,45.55,200.85,195.04,28.13,228.1,3295.15,1568.67,708.26,202.43,179.28,566.93,99.56,1122.19,5.76,0.38
4602.08,67.39,409.54,239.43,23.77,247.57,2726.8,997.67,807.84,52.29,279.23,550.08,102.0,1485.12,9.6,0.65
4566.0,85.36,267.03,75.78,35.57,179.97,6230.12,2163.35,512.6,96.93,24.14,847.97,66.69,1191.68,4.45,0.54
4642.5,67.08,139.68,177.68,17.93,139.06,5763.36,3365.85,470.89,7.33,72.58,600.89,107.28,1335.99,7.53,0.73
4513.24,83.53,163.89,173.28,17.87,112.14,4421.36,2577.41,173.74,16.39,1.02,719.57,137.7,1434.4,7.78,0.35
4596.89,113.33,363.05,170.19,35.15,202.27,2820.67,2395.9,555.79,181.8,202.33,832.17,140.69,1588.31,2.0,0.25
3383.73,49.52,270.65,128.11,19.08,89.63,1485.68,2442.18,328.29,143.2,221.72,355.03,25.83,854.29,3.97,0.58
4588.13,78.19,387.48,216.32,11.0,117.3,2123.15,2847.47,866.84,225.4,26.95,701.27,89.37,1107.5,7.6,0.11
4662.56,102.5,387.04,73.55,13.9,143.09,3861.4,2126.21,667.55,249.16,221.94,458.23,88.99,1479.09,9.56,0.12
4752.44,114.52,297.1,99.25,20.23,117.79,6471.83,2373.43,626.13,112.14,154.81,751.58,76.92,959.7,7.94,0.24
4534.83,91.12,510.69,78.01,19.39,166.43,5929.37,2015.93,680.73,80.97,147.94,569.79,65.9,1131.16,3.05,0.46
4594.55,48.87,309.06,224.01,13.92,135.69,2043.52,1096.92,787.08,68.97,28.82,576.85,37.16,1225.13,5.5,0.76
4667.44,41.57,304.06,236.57,28.08,143.81,2829.34,3392.68,279.98,31.36,259.36,487.55,86.03,1364.91,4.39,0.13
3502.62,49.51,118.87,107.47,13.29,72.22,1436.0,1161.77,470.93,153.21,201.01,554.68,43.84,931.17,6.97,0.25
4734.57,96.69,475.3,106.82,13.03,241.58,5776.2,1365.08,491.73,174.44,97.62,709.73,122.18,1542.77,6.43,0.54
4638.3,68.54,153.25,217.51,31.6,201.32,3475.21,2707.28,190.63,100.7,11.79,702.23,71.83,1289.18,2.93,0.72
4743.62,75.59,193.45,189.02,38.03,203.66,3053.84,3102.34,849.01,39.29,106.77,712.0,116.89,915.44,6.54,0.6
4748.14,80.59,187.91,232.36,7.11,129.17,3117.54,1721.31,699.95,156.99,113.37,545.59,81.45,1455.21,2.66,0.2
4686.88,40.08,456.02,98.93,16.68,173.45,6526.56,3047.54,656.97,162.01,97.05,824.48,153.01,1272.2,7.75,0.29
4767.7,70.17,470.12,219.48,33.75,120.71,3444.14,2953.44,772.78,52.35,260.4,711.64,124.13,1509.09,4.86,0.43
3582.61,87.59,289.32,160.23,26.13,136.58,3814.22,2551.87,405.5,130.72,13.5,422.72,81.11,844.47,6.62,0.18
4597.71,40.38,134.94,198.42,5.95,257.37,4718.25,1212.12,583.72,32.46,219.37,734.47,95.7,1251.61,7.5,0.67
4781.67,71.43,207.16,198.38,28.61,169.57,2635.1,1835.41,262.35,36.24,188.87,803.09,157.94,1144.52,6.38,0.19
4611.91,95.76,126.8,221.41,10.13,147.0,2314.26,1915.49,762.89,152.45,95.75,601.94,117.98,1054.6,9.04,0.24
4593.49,62.12,234.08,112.91,39.31,211.67,3261.63,2759.74,254.73,28.79,185.71,610.44,86.09,1284.77,2.17,0.43
4757.98,111.49,191.75,77.34,11.14,180.24,5341.07,1628.77,737.97,23.05,34.09,481.42,57.31,1282.11,8.02,0.16
4643.82,93.81,475.13,167.37,21.57,147.73,6386.69,938.99,655.55,56.54,183.99,560.89,80.95,1048.58,8.75,0.48
