week_index,week_start,electricity_kwh,diesel_litres,is_synthetic
0,2025-01-01,18594.55,17.68,True
1,2025-01-08,19173.61,22.92,True
2,2025-01-15,18799.21,10.72,True
3,2025-01-22,19120.72,11.52,True
4,2025-01-29,20385.2,23.95,True
5,2025-02-05,20984.83,26.83,True
6,2025-02-12,20953.05,18.7,True
7,2025-02-19,20306.41,36.63,True
8,2025-02-26,22202.71,33.73,True
9,2025-03-05,24306.17,31.23,True
10,2025-03-12,22831.1,28.64,True
11,2025-03-19,23509.98,44.42,True
12,2025-03-26,23851.51,64.36,True
13,2025-04-02,23193.07,71.07,True
14,2025-04-09,24592.42,83.24,True
15,2025-04-16,24346.71,83.62,True
16,2025-04-23,24531.56,125.81,True
17,2025-04-30,22009.12,205.22,True
18,2025-05-07,20710.59,203.96,True
19,2025-05-14,22129.05,169.0,True
20,2025-05-21,20157.26,273.18,True
21,2025-05-28,19406.18,204.79,True
22,2025-06-04,17621.21,171.37,True
23,2025-06-11,18065.21,159.83,True
24,2025-06-18,16827.12,115.45,True
25,2025-06-25,18680.02,98.39,True
26,2025-07-02,19440.06,155.42,True
27,2025-07-09,19957.15,71.56,True
28,2025-07-16,19927.49,111.4,True
29,2025-07-23,18544.05,97.28,True
30,2025-07-30,20469.99,57.34,True
31,2025-08-06,20542.77,32.92,True
32,2025-08-13,21278.04,34.47,True
33,2025-08-20,20109.55,31.42,True
34,2025-08-27,20388.36,36.76,True
35,2025-09-03,22169.2,51.28,True
36,2025-09-10,22034.99,67.02,True
37,2025-09-17,21665.68,72.2,True
38,2025-09-24,21894.1,74.68,True
39,2025-10-01,20418.64,95.05,True
40,2025-10-08,19081.14,80.68,True
41,2025-10-15,18928.29,91.07,True
42,2025-10-22,19560.18,46.11,True
43,2025-10-29,18826.47,48.53,True
44,2025-11-05,20144.42,76.54,True
45,2025-11-12,18612.44,63.26,True
46,2025-11-19,19260.08,56.46,True
47,2025-11-26,18006.02,45.22,True
48,2025-12-03,16977.07,64.37,True
49,2025-12-10,16885.93,69.1,True
50,2025-12-17,17339.13,63.1,True
51,2025-12-24,16708.5,65.65,True
