id,priority,group,title,where,why,status,typical_saving_pct,typical_saving,saving_source,source_date,evidence_scope,evidence_key,needs
ac_setpoint,1,Waste candidate,Keep AC at 24 degC or higher,Every air-conditioned site,"Air-conditioning is the largest end-use that can be estimated from campus data, and the rule of thumb is simple: each degree of setpoint raised saves energy.",scenario,0.06,About 6% of AC energy per 1 degC raised (24 degC instead of 20 degC is about 24%),"BEE Line newsletter, Issue 7 (BEE)",Apr-Jun 2020,General statement by BEE for room air-conditioners; not measured on this campus,ac_setpoint,Current setpoints (a quick walk-through is enough)
ac_hours_top,2,Waste candidate,Run AC only when the room is in use (timers or key-card switching),The air-conditioned site with the most AC hours,"Listed AC hours at the biggest site are long. Every hour of AC that runs in an empty room is waste, whatever the benchmark says.",scenario,,Not a published percentage; the number shown is a formula (hours saved x units x power),Formula from the AC inventory,2026,"Uses the listed operating days and hours, which are unverified",ac_hours_top,Real hours of use per site (room booking or a simple log)
ac_hours_second,3,Waste candidate,Match AC hours to working hours,The site with the second most AC hours,Same idea for the next largest site: office-type AC should follow office hours.,scenario,,Not a published percentage; the number shown is a formula (hours saved x units x power),Formula from the AC inventory,2026,"Uses the listed operating days and hours, which are unverified",ac_hours_second,Real hours of use per site
occupancy_sensors,4,Waste candidate,Occupancy sensors for lights,"Hostel washrooms, corridors, stairs and other common areas","Lights in common areas often stay on when nobody is there. A sensor switches them off by itself, the way malls do it.",typical,0.24,On average about 24% of lighting energy,"Williams et al., LBNL-5095E (240 estimates from 88 studies)",Sep 2011,"Mostly commercial buildings, not India; a hostel may differ",sensors,Lighting load (fitting count x watt x hours) to turn the % into kWh
led_retrofit,5,Waste candidate,Replace old tubes and bulbs with LED,"Wherever old fluorescent, CFL or incandescent fittings are still in use","Saving depends only on the old and new wattage of each fitting, so it can be worked out exactly once the fittings are counted.",typical,,Formula: (old watts - new watts) / old watts. No published average is used,Formula,,No campus fitting count exists yet,,"Fitting count, old and new watt, daily hours"
bldc_fans,6,Waste candidate,"BLDC fans in classrooms, labs and hostel rooms",High-use rooms with ceiling fans,A BLDC fan draws far less power than an ordinary ceiling fan for the same air.,typical,,"28-32 W per BLDC fan against 70-75 W for an ordinary fan, about 54% to 63% less power per fan","EESL, reported by T&D India",12 Sep 2022,"Manufacturer and programme figures, not measured on this campus",,Fan count and daily hours
pumps,7,Waste candidate,Check water pumps: run time and efficiency,"Water pumps (borewell, tank, fire-fighting)","Pumps that run longer than needed, or run at poor efficiency, waste energy quietly. Timers, level controls or a better pump can cut it.",typical,0.20,About 20% of pumping energy through equipment and control changes,Indian Infrastructure (trade press),5 Jan 2021,"Weak source: a general statement in an article, not a study",,Pump rating (kW) and daily running hours
solar_expand,8,Cleaner supply,Add more rooftop solar,Rooftop and shed areas not yet used,"The campus already has rooftop solar, and its yield is measured, so the existing system is the best guide to what more panels would give. Wind is not suitable here.",typical,,"The Optimization page models solar in blocks; the measured yield of the existing system should be used, not a general figure",Measured data from the campus,,Needs the installed kWp of the existing system and the free roof area,solar,Installed kWp of the existing system and free roof area
solar_water,9,Cleaner supply,"Solar water heater, if hot water comes from electric geysers",Hostel bathrooms and kitchens,"Only useful if hot water is made with electricity today. If the hostel uses another fuel, skip this.",typical,,"About 1,500 kWh of electricity a year for each 100 litres per day of hot water, when it replaces an electric geyser","HAREDA (Haryana), Solar Water Heating System page",Updated 8 Jun 2022,"Residential figure for Haryana, not measured here",,Whether hostels use electric geysers and the litres of hot water per day
dg_solar_battery,10,Cleaner supply,Solar with battery backup instead of running the diesel generator,Buildings that depend on the generator during power cuts,"Diesel is a small share of campus emissions, so this is not the first priority. Where the generator is needed only to bridge short power cuts, solar with a battery can do that job without diesel.",typical,,"A CSE study of five housing societies found solar with battery backup costs about half as much per unit as power from a diesel generator (cost, not emissions)","Centre for Science and Environment (CSE) policy paper, reported by Dialogue Earth",Jan 2017,"Housing societies, not a college campus; cost comparison only",dg,"Generator rating, how many hours it runs and why (power cut or test), battery and roof options"
ev_bus,11,Cleaner supply,Electric buses for the college bus fleet,Diesel buses owned by the college,"Buses are the larger diesel source. Electric buses use about 70% less energy per km than diesel buses, and the emission gain depends on how clean the grid is.",typical,,"19% lower use-phase emissions than diesel with the current grid, 34% in a cleaner-grid scenario, 96% with a fully renewable grid","ICCT, Emissions reduction and benefits of the first 3,825 electric buses under PM-eBus Sewa",Nov 2024,"City buses in India, use-phase emissions only; a college fleet with short routes may differ",bus,"Daily km and route length per bus, charging point, price quote"
dg_scheduling,12,Waste candidate,Cut unnecessary generator running,The diesel generator,"Diesel is a small share of campus emissions, so this is a low priority. Still, testing and idle running can be reduced. There is no benchmark for generators, so this is a what-if, not a waste claim.",what_if,,No published percentage; use the what-if on the Simulation page,None (no benchmark),,,dg,Reason for each run (outage or test) from the generator log
switch_off_routine,13,Waste candidate,"Switch-off routine: lights, fans and AC off in empty rooms","Classrooms, labs, offices and hostels after hours",No equipment needed. A simple end-of-day walk-through catches the waste that no meter can see.,practice,,No figure claimed,None,,,,Nothing; start with a weekly checklist
submetering,14,Enabler,Put meters on the main feeders,The Institute Building and the hostels,"Most campus electricity has no end-use split today. Meters turn every guess on this page into a measured number, so this comes first for any real saving claim.",enabler,,No saving claimed; it makes the others measurable,None,,,submeter,Feeder-level meters (one-time)
