week_start,electricity_kwh,solar_kwh,diesel_litres,data_label
2024-01-01,18431,381,83.2,DEMO (synthetic)
2024-01-08,18185,336,23.4,DEMO (synthetic)
2024-01-15,17861,380,0.0,DEMO (synthetic)
2024-01-22,18068,363,0.0,DEMO (synthetic)
2024-01-29,19074,403,0.0,DEMO (synthetic)
2024-02-05,20161,453,95.6,DEMO (synthetic)
2024-02-12,19631,478,0.0,DEMO (synthetic)
2024-02-19,20610,415,69.4,DEMO (synthetic)
2024-02-26,20977,445,0.0,DEMO (synthetic)
2024-03-04,22704,458,0.0,DEMO (synthetic)
2024-03-11,22442,377,142.6,DEMO (synthetic)
2024-03-18,21945,395,65.1,DEMO (synthetic)
2024-03-25,22309,394,75.5,DEMO (synthetic)
2024-04-01,23304,467,158.4,DEMO (synthetic)
2024-04-08,23408,426,0.0,DEMO (synthetic)
2024-04-15,23207,426,0.0,DEMO (synthetic)
2024-04-22,23564,421,450.3,DEMO (synthetic)
2024-04-29,20844,478,276.7,DEMO (synthetic)
2024-05-06,20275,587,332.9,DEMO (synthetic)
2024-05-13,20883,510,389.6,DEMO (synthetic)
2024-05-20,20278,537,0.0,DEMO (synthetic)
2024-05-27,19566,524,455.9,DEMO (synthetic)
2024-06-03,16614,585,0.0,DEMO (synthetic)
2024-06-10,16828,539,314.8,DEMO (synthetic)
2024-06-17,16580,559,546.0,DEMO (synthetic)
2024-06-24,16767,601,0.0,DEMO (synthetic)
2024-07-01,18987,462,0.0,DEMO (synthetic)
2024-07-08,18712,548,0.0,DEMO (synthetic)
2024-07-15,18821,514,393.0,DEMO (synthetic)
2024-07-22,18473,508,0.0,DEMO (synthetic)
2024-07-29,19772,483,259.0,DEMO (synthetic)
2024-08-05,20081,416,108.1,DEMO (synthetic)
2024-08-12,19260,411,0.0,DEMO (synthetic)
2024-08-19,19985,429,97.3,DEMO (synthetic)
2024-08-26,20423,410,0.0,DEMO (synthetic)
2024-09-02,21924,415,0.0,DEMO (synthetic)
2024-09-09,22180,373,124.2,DEMO (synthetic)
2024-09-16,21775,380,102.5,DEMO (synthetic)
2024-09-23,22057,407,253.0,DEMO (synthetic)
2024-09-30,19837,421,133.9,DEMO (synthetic)
2024-10-07,19862,391,150.1,DEMO (synthetic)
2024-10-14,19717,350,168.9,DEMO (synthetic)
2024-10-21,19767,389,0.0,DEMO (synthetic)
2024-10-28,18483,378,200.8,DEMO (synthetic)
2024-11-04,17681,423,0.0,DEMO (synthetic)
2024-11-11,17481,423,0.0,DEMO (synthetic)
2024-11-18,17719,440,0.0,DEMO (synthetic)
2024-11-25,17502,421,196.8,DEMO (synthetic)
2024-12-02,17386,420,285.8,DEMO (synthetic)
2024-12-09,17107,432,122.6,DEMO (synthetic)
2024-12-16,17220,431,0.0,DEMO (synthetic)
2024-12-23,17085,398,0.0,DEMO (synthetic)
2024-12-30,17455,411,0.0,DEMO (synthetic)
2025-01-06,17726,403,0.0,DEMO (synthetic)
2025-01-13,17460,432,0.0,DEMO (synthetic)
2025-01-20,17577,379,43.7,DEMO (synthetic)
2025-01-27,17894,403,33.8,DEMO (synthetic)
2025-02-03,19494,511,0.0,DEMO (synthetic)
2025-02-10,19895,420,0.0,DEMO (synthetic)
2025-02-17,19909,454,61.6,DEMO (synthetic)
2025-02-24,20170,506,61.2,DEMO (synthetic)
2025-03-03,21121,422,0.0,DEMO (synthetic)
2025-03-10,20663,427,71.8,DEMO (synthetic)
2025-03-17,21711,439,165.5,DEMO (synthetic)
2025-03-24,21240,456,0.0,DEMO (synthetic)
2025-03-31,22604,434,0.0,DEMO (synthetic)
2025-04-07,23169,423,177.5,DEMO (synthetic)
2025-04-14,23029,457,0.0,DEMO (synthetic)
2025-04-21,23238,439,342.6,DEMO (synthetic)
2025-04-28,22015,516,0.0,DEMO (synthetic)
2025-05-05,21482,524,705.9,DEMO (synthetic)
2025-05-12,21505,553,329.0,DEMO (synthetic)
2025-05-19,20969,581,376.2,DEMO (synthetic)
2025-05-26,20657,624,0.0,DEMO (synthetic)
2025-06-02,16519,585,267.1,DEMO (synthetic)
2025-06-09,16644,559,0.0,DEMO (synthetic)
2025-06-16,17009,564,0.0,DEMO (synthetic)
2025-06-23,16418,660,380.8,DEMO (synthetic)
2025-06-30,17551,499,0.0,DEMO (synthetic)
2025-07-07,17962,544,0.0,DEMO (synthetic)
2025-07-14,18070,562,562.5,DEMO (synthetic)
2025-07-21,17786,533,0.0,DEMO (synthetic)
2025-07-28,18742,455,0.0,DEMO (synthetic)
2025-08-04,19147,458,0.0,DEMO (synthetic)
2025-08-11,19226,425,0.0,DEMO (synthetic)
2025-08-18,18842,446,79.2,DEMO (synthetic)
2025-08-25,19083,396,98.4,DEMO (synthetic)
2025-09-01,19663,401,89.8,DEMO (synthetic)
2025-09-08,20054,381,0.0,DEMO (synthetic)
2025-09-15,20140,407,0.0,DEMO (synthetic)
2025-09-22,19864,426,87.8,DEMO (synthetic)
2025-09-29,18051,398,118.5,DEMO (synthetic)
2025-10-06,17623,431,0.0,DEMO (synthetic)
2025-10-13,17254,408,128.0,DEMO (synthetic)
2025-10-20,17189,392,53.9,DEMO (synthetic)
2025-10-27,17627,406,176.3,DEMO (synthetic)
2025-11-03,17696,423,116.0,DEMO (synthetic)
2025-11-10,17301,442,0.0,DEMO (synthetic)
2025-11-17,17226,396,0.0,DEMO (synthetic)
2025-11-24,17201,395,165.7,DEMO (synthetic)
2025-12-01,15850,442,113.4,DEMO (synthetic)
2025-12-08,16315,423,88.4,DEMO (synthetic)
2025-12-15,15981,375,61.0,DEMO (synthetic)
2025-12-22,15839,419,0.0,DEMO (synthetic)
