month,solar_kwh,source
2025-03,1740,"KKWIEER Master Data FY2025-26 xlsx, sheet 6_Solar_Monthly (rooftop solar, self-consumed; reported separately, not netted)"
2025-04,1736,"KKWIEER Master Data FY2025-26 xlsx, sheet 6_Solar_Monthly (rooftop solar, self-consumed; reported separately, not netted)"
2025-05,2201,"KKWIEER Master Data FY2025-26 xlsx, sheet 6_Solar_Monthly (rooftop solar, self-consumed; reported separately, not netted)"
2025-06,2232,"KKWIEER Master Data FY2025-26 xlsx, sheet 6_Solar_Monthly (rooftop solar, self-consumed; reported separately, not netted)"
2025-07,2139,"KKWIEER Master Data FY2025-26 xlsx, sheet 6_Solar_Monthly (rooftop solar, self-consumed; reported separately, not netted)"
2025-08,1770,"KKWIEER Master Data FY2025-26 xlsx, sheet 6_Solar_Monthly (rooftop solar, self-consumed; reported separately, not netted)"
2025-09,1612,"KKWIEER Master Data FY2025-26 xlsx, sheet 6_Solar_Monthly (rooftop solar, self-consumed; reported separately, not netted)"
2025-10,1579,"KKWIEER Master Data FY2025-26 xlsx, sheet 6_Solar_Monthly (rooftop solar, self-consumed; reported separately, not netted)"
2025-11,1680,"KKWIEER Master Data FY2025-26 xlsx, sheet 6_Solar_Monthly (rooftop solar, self-consumed; reported separately, not netted)"
2025-12,1705,"KKWIEER Master Data FY2025-26 xlsx, sheet 6_Solar_Monthly (rooftop solar, self-consumed; reported separately, not netted)"
2026-01,1590,"KKWIEER Master Data FY2025-26 xlsx, sheet 6_Solar_Monthly (rooftop solar, self-consumed; reported separately, not netted)"
2026-02,1736,"KKWIEER Master Data FY2025-26 xlsx, sheet 6_Solar_Monthly (rooftop solar, self-consumed; reported separately, not netted)"
