month,electricity_kwh,dg_diesel_litres,source
2025-01,85611,70,"KKWIEER Master Data FY2025-26 xlsx, sheets 2_Electricity_Monthly and 3_Diesel_Generator (Energy team log)"
2025-02,82814,105,"KKWIEER Master Data FY2025-26 xlsx, sheets 2_Electricity_Monthly and 3_Diesel_Generator (Energy team log)"
2025-03,102400,185,"KKWIEER Master Data FY2025-26 xlsx, sheets 2_Electricity_Monthly and 3_Diesel_Generator (Energy team log)"
2025-04,104759,385,"KKWIEER Master Data FY2025-26 xlsx, sheets 2_Electricity_Monthly and 3_Diesel_Generator (Energy team log)"
2025-05,94016,980,"KKWIEER Master Data FY2025-26 xlsx, sheets 2_Electricity_Monthly and 3_Diesel_Generator (Energy team log)"
2025-06,74496,595,"KKWIEER Master Data FY2025-26 xlsx, sheets 2_Electricity_Monthly and 3_Diesel_Generator (Energy team log)"
2025-07,87258,490,"KKWIEER Master Data FY2025-26 xlsx, sheets 2_Electricity_Monthly and 3_Diesel_Generator (Energy team log)"
2025-08,89306,140,"KKWIEER Master Data FY2025-26 xlsx, sheets 2_Electricity_Monthly and 3_Diesel_Generator (Energy team log)"
2025-09,95050,280,"KKWIEER Master Data FY2025-26 xlsx, sheets 2_Electricity_Monthly and 3_Diesel_Generator (Energy team log)"
2025-10,87074,336,"KKWIEER Master Data FY2025-26 xlsx, sheets 2_Electricity_Monthly and 3_Diesel_Generator (Energy team log)"
2025-11,80577,240,"KKWIEER Master Data FY2025-26 xlsx, sheets 2_Electricity_Monthly and 3_Diesel_Generator (Energy team log)"
2025-12,75786,294,"KKWIEER Master Data FY2025-26 xlsx, sheets 2_Electricity_Monthly and 3_Diesel_Generator (Energy team log)"
