week_index,week_start,electricity_kwh,diesel_litres,is_synthetic,diesel_emission_kg,electricity_emission_kg,scope1_kg,scope2_kg,scope3_kg,total_kg
0,2025-01-01,18594.55,17.68,True,51.1,13202.13,51.1,13202.13,0.0,13253.23
1,2025-01-08,19173.61,22.92,True,66.24,13613.26,66.24,13613.26,0.0,13679.5
2,2025-01-15,18799.21,10.72,True,30.98,13347.44,30.98,13347.44,0.0,13378.42
3,2025-01-22,19120.72,11.52,True,33.29,13575.71,33.29,13575.71,0.0,13609.0
4,2025-01-29,20385.2,23.95,True,69.22,14473.49,69.22,14473.49,0.0,14542.71
5,2025-02-05,20984.83,26.83,True,77.54,14899.23,77.54,14899.23,0.0,14976.77
6,2025-02-12,20953.05,18.7,True,54.04,14876.67,54.04,14876.67,0.0,14930.71
7,2025-02-19,20306.41,36.63,True,105.86,14417.55,105.86,14417.55,0.0,14523.41
8,2025-02-26,22202.71,33.73,True,97.48,15763.92,97.48,15763.92,0.0,15861.4
9,2025-03-05,24306.17,31.23,True,90.25,17257.38,90.25,17257.38,0.0,17347.63
10,2025-03-12,22831.1,28.64,True,82.77,16210.08,82.77,16210.08,0.0,16292.85
11,2025-03-19,23509.98,44.42,True,128.37,16692.09,128.37,16692.09,0.0,16820.46
12,2025-03-26,23851.51,64.36,True,186.0,16934.57,186.0,16934.57,0.0,17120.57
13,2025-04-02,23193.07,71.07,True,205.39,16467.08,205.39,16467.08,0.0,16672.47
14,2025-04-09,24592.42,83.24,True,240.56,17460.62,240.56,17460.62,0.0,17701.18
15,2025-04-16,24346.71,83.62,True,241.66,17286.16,241.66,17286.16,0.0,17527.82
16,2025-04-23,24531.56,125.81,True,363.59,17417.41,363.59,17417.41,0.0,17781.0
17,2025-04-30,22009.12,205.22,True,593.09,15626.48,593.09,15626.48,0.0,16219.57
18,2025-05-07,20710.59,203.96,True,589.44,14704.52,589.44,14704.52,0.0,15293.96
19,2025-05-14,22129.05,169.0,True,488.41,15711.63,488.41,15711.63,0.0,16200.04
20,2025-05-21,20157.26,273.18,True,789.49,14311.65,789.49,14311.65,0.0,15101.14
21,2025-05-28,19406.18,204.79,True,591.84,13778.39,591.84,13778.39,0.0,14370.23
22,2025-06-04,17621.21,171.37,True,495.26,12511.06,495.26,12511.06,0.0,13006.32
23,2025-06-11,18065.21,159.83,True,461.91,12826.3,461.91,12826.3,0.0,13288.21
24,2025-06-18,16827.12,115.45,True,333.65,11947.26,333.65,11947.26,0.0,12280.91
25,2025-06-25,18680.02,98.39,True,284.35,13262.81,284.35,13262.81,0.0,13547.16
26,2025-07-02,19440.06,155.42,True,449.16,13802.44,449.16,13802.44,0.0,14251.6
27,2025-07-09,19957.15,71.56,True,206.81,14169.58,206.81,14169.58,0.0,14376.39
28,2025-07-16,19927.49,111.4,True,321.95,14148.52,321.95,14148.52,0.0,14470.47
29,2025-07-23,18544.05,97.28,True,281.14,13166.28,281.14,13166.28,0.0,13447.42
30,2025-07-30,20469.99,57.34,True,165.71,14533.69,165.71,14533.69,0.0,14699.4
31,2025-08-06,20542.77,32.92,True,95.14,14585.37,95.14,14585.37,0.0,14680.51
32,2025-08-13,21278.04,34.47,True,99.62,15107.41,99.62,15107.41,0.0,15207.03
33,2025-08-20,20109.55,31.42,True,90.8,14277.78,90.8,14277.78,0.0,14368.58
34,2025-08-27,20388.36,36.76,True,106.24,14475.74,106.24,14475.74,0.0,14581.98
35,2025-09-03,22169.2,51.28,True,148.2,15740.13,148.2,15740.13,0.0,15888.33
36,2025-09-10,22034.99,67.02,True,193.69,15644.84,193.69,15644.84,0.0,15838.53
37,2025-09-17,21665.68,72.2,True,208.66,15382.63,208.66,15382.63,0.0,15591.29
38,2025-09-24,21894.1,74.68,True,215.83,15544.81,215.83,15544.81,0.0,15760.64
39,2025-10-01,20418.64,95.05,True,274.69,14497.23,274.69,14497.23,0.0,14771.92
40,2025-10-08,19081.14,80.68,True,233.17,13547.61,233.17,13547.61,0.0,13780.78
41,2025-10-15,18928.29,91.07,True,263.19,13439.09,263.19,13439.09,0.0,13702.28
42,2025-10-22,19560.18,46.11,True,133.26,13887.73,133.26,13887.73,0.0,14020.99
43,2025-10-29,18826.47,48.53,True,140.25,13366.79,140.25,13366.79,0.0,13507.04
44,2025-11-05,20144.42,76.54,True,221.2,14302.54,221.2,14302.54,0.0,14523.74
45,2025-11-12,18612.44,63.26,True,182.82,13214.83,182.82,13214.83,0.0,13397.65
46,2025-11-19,19260.08,56.46,True,163.17,13674.66,163.17,13674.66,0.0,13837.83
47,2025-11-26,18006.02,45.22,True,130.69,12784.27,130.69,12784.27,0.0,12914.96
48,2025-12-03,16977.07,64.37,True,186.03,12053.72,186.03,12053.72,0.0,12239.75
49,2025-12-10,16885.93,69.1,True,199.7,11989.01,199.7,11989.01,0.0,12188.71
50,2025-12-17,17339.13,63.1,True,182.36,12310.78,182.36,12310.78,0.0,12493.14
51,2025-12-24,16708.5,65.65,True,189.73,11863.03,189.73,11863.03,0.0,12052.76
