week_start,actual_scope2_kg,actual_scope1_kg,actual_total_kg,emission_pred_naive_last_week,emission_pred_train_mean,emission_pred_random_forest,emission_pred_xgboost
2025-10-22,13887.73,133.26,14020.99,13702.28,15179.57,13778.05,13636.92
2025-10-29,13366.79,140.25,13507.05,14020.99,15179.57,13890.21,13995.96
2025-11-05,14302.54,221.2,14523.74,13507.05,15179.57,14220.34,14417.8
2025-11-12,13214.83,182.82,13397.65,14523.74,15179.57,14448.73,14332.18
2025-11-19,13674.66,163.17,13837.83,13397.65,15179.57,14202.06,14682.92
2025-11-26,12784.27,130.69,12914.96,13837.83,15179.57,14247.61,14247.62
2025-12-03,12053.72,186.03,12239.75,12914.96,15179.57,13459.74,14094.62
2025-12-10,11989.01,199.7,12188.71,12239.75,15179.57,13702.9,14471.54
2025-12-17,12310.78,182.36,12493.14,12188.71,15179.57,13450.82,14300.15
2025-12-24,11863.04,189.73,12052.76,12493.14,15179.57,13540.64,14516.82
