week_start,actual_electricity_kwh,pred_naive_last_week,pred_train_mean,pred_random_forest,pred_xgboost,actual_emission_kgco2e,emission_factor
2025-10-22,19560.18,18928.29,21011.84157894737,19042.90985000001,18846.998,13887.727799999999,0.71
2025-10-29,18826.47,19560.18,21011.84157894737,19312.05590000002,19440.002,13366.7937,0.71
2025-11-05,20144.42,18826.47,21011.84157894737,19778.178000000044,20048.658,14302.538199999997,0.71
2025-11-12,18612.44,20144.42,21011.84157894737,19999.13050000003,19849.072,13214.832399999998,0.71
2025-11-19,19260.08,18612.44,21011.84157894737,19678.83180000004,20396.4,13674.6568,0.71
2025-11-26,18006.02,19260.08,21011.84157894737,19804.23210000003,19802.535,12784.2742,0.71
2025-12-03,16977.07,18006.02,21011.84157894737,18706.535950000038,19593.47,12053.7197,0.71
2025-12-10,16885.93,16977.07,21011.84157894737,18979.900650000036,20105.357,11989.0103,0.71
2025-12-17,17339.13,16885.93,21011.84157894737,18604.697950000045,19846.857,12310.7823,0.71
2025-12-24,16708.5,17339.13,21011.84157894737,18746.625250000045,20181.69,11863.035,0.71
