week_start,actual_diesel_litres,pred_naive_last_week,pred_train_mean,pred_random_forest,pred_xgboost,actual_emission_kgco2e,emission_factor
2025-10-22,46.11,91.07,90.36763157894738,89.12804999999999,88.42454,133.2579,2.89
2025-10-29,48.53,46.11,90.36763157894738,61.81685000000005,66.97391,140.2517,2.89
2025-11-05,76.54,48.53,90.36763157894738,61.53390000000011,63.410187,221.20060000000004,2.89
2025-11-12,63.26,76.54,90.36763157894738,86.27785,82.817665,182.8214,2.89
2025-11-19,56.46,63.26,90.36763157894738,79.6162500000001,69.71666,163.1694,2.89
2025-11-26,45.22,56.46,90.36763157894738,64.56795000000015,64.99139,130.6858,2.89
2025-12-03,64.37,45.22,90.36763157894738,61.62780000000014,63.410187,186.02930000000003,2.89
2025-12-10,69.1,64.37,90.36763157894738,78.60400000000008,68.07354,199.69899999999998,2.89
2025-12-17,63.1,69.1,90.36763157894738,83.55750000000003,72.27683,182.359,2.89
2025-12-24,65.65,63.1,90.36763157894738,79.77125000000011,64.99139,189.72850000000003,2.89
